Producteur,Date de Livraison,Jour,Tournée ID,Ordre d'Arrêt,Client / Point de Livraison,Adresse,Code postal,Ville,Adresse Complète,lat,lon,Volume (Kg Normalisé),Temps Chargement Départ (min),Poids (kg),Montant (€),Temps d'arrêt (min),Type Arrêt,Véhicule,Carburant,Cout Horaire (€/h),Cout Km (€/km),Temps Préparation (min)
Ferme A (Oliviers),2025-12-15,Lundi,A-LUN-T1,1,Départ (Ferme A),100 Chemin des Oliviers,13008.0,Marseille,"100 Chemin des Oliviers,13008,Marseille,FRANCE",43.27872420662535,5.392047530924708,0.0,,,,,,,,,,
Ferme A (Oliviers),2025-12-15,Lundi,A-LUN-T1,2,Restaurant La Boîte,45 Rue de la République,13002.0,Marseille,"45 Rue de la République,13002,Marseille,FRANCE",43.24981065791886,5.403605881796117,120.0,,,,,,,,,,
Ferme A (Oliviers),2025-12-15,Lundi,A-LUN-T1,3,Épicerie Biologique,1 Place aux Huiles,13001.0,Marseille,"1 Place aux Huiles,13001,Marseille,FRANCE",43.3001323,5.3708193,80.0,,,,,,,,,,
Ferme A (Oliviers),2025-12-15,Lundi,A-LUN-T1,4,Cantine Scolaire 5ème,5 Avenue du Prado,13008.0,Marseille,"5 Avenue du Prado,13008,Marseille,FRANCE",43.2933519,5.3717776,200.0,,,,,,,,,,
Ferme A (Oliviers),2025-12-15,Lundi,A-LUN-T1,5,Grossiste Marché,120 Boulevard National,13003.0,Marseille,"120 Boulevard National,13003,Marseille,FRANCE",43.2850518,5.3846356,400.0,,,,,,,,,,
Ferme A (Oliviers),2025-12-15,Lundi,A-LUN-T1,6,Traiteur St-Just,8 Rue du Rouet,13008.0,Marseille,"8 Rue du Rouet,13008,Marseille,FRANCE",43.3070976,5.3825866,90.0,,,,,,,,,,
Ferme A (Oliviers),2025-12-15,Lundi,A-LUN-T1,7,Retour (Ferme A),100 Chemin des Oliviers,13008.0,Marseille,"100 Chemin des Oliviers,13008,Marseille,FRANCE",43.27872420662535,5.392047530924708,0.0,,,,,,,,,,
Ferme B (Mimosas),2025-12-15,Lundi,B-LUN-T1,1,Départ (Ferme B),5 Chemin des Mimosas,13100.0,Aix-en-Provence,"5 Chemin des Mimosas,13100,Aix-en-Provence,FRANCE",43.24981065791886,5.403605881796117,0.0,,,,,,,,,,
Ferme B (Mimosas),2025-12-15,Lundi,B-LUN-T1,2,Restaurant La Rotonde,10 Place de la Rotonde,13100.0,Aix-en-Provence,"10 Place de la Rotonde,13100,Aix-en-Provence,FRANCE",43.536856,5.453588,180.0,,,,,,,,,,
Ferme B (Mimosas),2025-12-15,Lundi,B-LUN-T1,3,Marché de la Verrerie,20 Avenue Jean Giono,13100.0,Aix-en-Provence,"20 Avenue Jean Giono,13100,Aix-en-Provence,FRANCE",43.550308,5.541876,140.0,,,,,,,,,,
Ferme B (Mimosas),2025-12-15,Lundi,B-LUN-T1,4,Épicerie du Faubourg,1 Rue du Puits,13100.0,Aix-en-Provence,"1 Rue du Puits,13100,Aix-en-Provence,FRANCE",43.517227,5.435471,350.0,,,,,,,,,,
Ferme B (Mimosas),2025-12-15,Lundi,B-LUN-T1,5,Client PME Pôle,12 Rue Gay Lussac,13290.0,Aix-en-Provence,"12 Rue Gay Lussac,13290,Aix-en-Provence,FRANCE",43.531019,5.449141,110.0,,,,,,,,,,
Ferme B (Mimosas),2025-12-15,Lundi,B-LUN-T1,6,Clinique de l'Étoile,55 Route de Valcros,13540.0,Aix-en-Provence,"55 Route de Valcros,13540,Aix-en-Provence,FRANCE",43.468227,5.347439,500.0,,,,,,,,,,
Ferme B (Mimosas),2025-12-15,Lundi,B-LUN-T1,7,Retour (Ferme B),5 Chemin des Mimosas,13100.0,Aix-en-Provence,"5 Chemin des Mimosas,13100,Aix-en-Provence,FRANCE",43.24981065791887,5.403605881796118,0.0,,,,,,,,,,
Ferme C (Cigales),2025-12-15,Lundi,C-LUN-T1,1,Départ (Ferme C),20 Route de Cassis,13260.0,Cassis,"20 Route de Cassis,13260,Cassis,FRANCE",43.245885,5.580318,0.0,,,,,,,,,,
Ferme C (Cigales),2025-12-15,Lundi,C-LUN-T1,2,Hôtel Les Roches Blanches,9 Avenue des Calanques,13260.0,Cassis,"9 Avenue des Calanques,13260,Cassis,FRANCE",43.22979665390403,5.543856483524169,90.0,,,,,,,,,,
Ferme C (Cigales),2025-12-15,Lundi,C-LUN-T1,3,Restaurant Chez Gilbert,Quai des Baux,13260.0,Cassis,"Quai des Baux,13260,Cassis,FRANCE",43.2112483,5.5292235,130.0,,,,,,,,,,
Ferme C (Cigales),2025-12-15,Lundi,C-LUN-T1,4,Boulangerie La Farine,5 Rue Dranat,13260.0,Cassis,"5 Rue Dranat,13260,Cassis,FRANCE",43.21448679960416,5.537609537460396,160.0,,,,,,,,,,
Ferme C (Cigales),2025-12-15,Lundi,C-LUN-T1,5,Épicerie La Ciotat,15 Avenue du Mugel,13600.0,La Ciotat,"15 Avenue du Mugel,13600,La Ciotat,FRANCE",43.214875,5.538377,250.0,,,,,,,,,,
Ferme C (Cigales),2025-12-15,Lundi,C-LUN-T1,6,Marché Aubagne,1 Place Marcel Pagnol,13400.0,Aubagne,"1 Place Marcel Pagnol,13400,Aubagne,FRANCE",43.16786556285338,5.602394138278168,70.0,,,,,,,,,,
Ferme C (Cigales),2025-12-15,Lundi,C-LUN-T1,7,Retour (Ferme C),20 Route de Cassis,13260.0,Cassis,"20 Route de Cassis,13260,Cassis,FRANCE",43.245886,5.580319,0.0,,,,,,,,,,
Ferme D (St-Victoire),2025-12-15,Lundi,D-LUN-T1,1,Départ (Ferme D),220 Avenue de l'Europe,84300.0,Cavaillon,"220 Avenue de l'Europe,84300,Cavaillon,FRANCE",43.22979665390403,5.543856483524169,0.0,,,,,,,,,,
Ferme D (St-Victoire),2025-12-15,Lundi,D-LUN-T1,2,Grossiste Avignon,50 Rue du Rempart Saint-Lazare,84000.0,Avignon,"50 Rue du Rempart Saint-Lazare,84000,Avignon,FRANCE",43.84727455697192,5.041384886455027,450.0,,,,,,,,,,
Ferme D (St-Victoire),2025-12-15,Lundi,D-LUN-T1,3,Restaurant Orange,10 Place du Parvis,84100.0,Orange,"10 Place du Parvis,84100,Orange,FRANCE",43.951942,4.816647,110.0,,,,,,,,,,
Ferme D (St-Victoire),2025-12-15,Lundi,D-LUN-T1,4,Clinique St-Rémy,10 Boulevard des Alpilles,13210.0,St-Rémy-de-Pce,"10 Boulevard des Alpilles,13210,St-Rémy-de-Pce,FRANCE",44.133811,4.815958,200.0,,,,,,,,,,
Ferme D (St-Victoire),2025-12-15,Lundi,D-LUN-T1,5,École Rognonas,10 Avenue du Maréchal Foch,13870.0,Rognonas,"10 Avenue du Maréchal Foch,13870,Rognonas,FRANCE",43.788871,4.765647,90.0,,,,,,,,,,
Ferme D (St-Victoire),2025-12-15,Lundi,D-LUN-T1,6,Marché Carpentras,Place du 25 Août,84200.0,Carpentras,"Place du 25 Août,84200,Carpentras,FRANCE",43.901031,4.804025,150.0,,,,,,,,,,
Ferme D (St-Victoire),2025-12-15,Lundi,D-LUN-T1,7,Retour (Ferme D),220 Avenue de l'Europe,84300.0,Cavaillon,"220 Avenue de l'Europe,84300,Cavaillon,FRANCE",43.22979665390403,5.543856483524169,0.0,,,,,,,,,,
Ferme E (Alpilles),2025-12-15,Lundi,E-LUN-T1,1,Départ (Ferme E),5 Route de Maussane,13520.0,Maussane-les-Alpilles,"5 Route de Maussane,13520,Maussane-les-Alpilles,FRANCE",43.850281,4.774267,0.0,,,,,,,,,,
Ferme E (Alpilles),2025-12-15,Lundi,E-LUN-T1,2,Épicerie Les Baux,1 Place de la Mairie,13520.0,Les Baux-de-Provence,"1 Place de la Mairie,13520,Les Baux-de-Provence,FRANCE",43.72223200992607,4.801620459311812,50.0,,,,,,,,,,
Ferme E (Alpilles),2025-12-15,Lundi,E-LUN-T1,3,Restaurant St-Martin,10 Rue du Château,13520.0,St-Martin-de-Crau,"10 Rue du Château,13520,St-Martin-de-Crau,FRANCE",43.74425,4.79607,120.0,,,,,,,,,,
Ferme E (Alpilles),2025-12-15,Lundi,E-LUN-T1,4,Grossiste Arles,12 Avenue des Arènes,13200.0,Arles,"12 Avenue des Arènes,13200,Arles,FRANCE",43.743439,4.794894,300.0,,,,,,,,,,
Ferme E (Alpilles),2025-12-15,Lundi,E-LUN-T1,5,Client PME Tarascon,50 Avenue de la République,13150.0,Tarascon,"50 Avenue de la République,13150,Tarascon,FRANCE",43.6778069,4.6294192,100.0,,,,,,,,,,
Ferme E (Alpilles),2025-12-15,Lundi,E-LUN-T1,6,Supérette Graveson,1 Rue de l'Hôtel de Ville,13690.0,Graveson,"1 Rue de l'Hôtel de Ville,13690,Graveson,FRANCE",43.80452837340616,4.655591900124736,180.0,,,,,,,,,,
Ferme E (Alpilles),2025-12-15,Lundi,E-LUN-T1,7,Retour (Ferme E),5 Route de Maussane,13520.0,Maussane-les-Alpilles,"5 Route de Maussane,13520,Maussane-les-Alpilles,FRANCE",43.850281,4.774267,0.0,,,,,,,,,,
Ferme A (Oliviers),2025-12-16,Mardi,A-MAR-T2,1,Départ (Ferme A),100 Chemin des Oliviers,13008.0,Marseille,"100 Chemin des Oliviers,13008,Marseille,FRANCE",43.27872420662536,5.392047530924709,0.0,,,,,,,,,,
Ferme A (Oliviers),2025-12-16,Mardi,A-MAR-T2,2,Client Zone Franche,50 Rue de Lyon,13015.0,Marseille,"50 Rue de Lyon,13015,Marseille,FRANCE",43.24981065791886,5.403605881796117,150.0,,,,,,,,,,
Ferme A (Oliviers),2025-12-16,Mardi,A-MAR-T2,3,Hôtel Les Ports,2 Place de la Joliette,13002.0,Marseille,"2 Place de la Joliette,13002,Marseille,FRANCE",43.325071,5.367122,100.0,,,,,,,,,,
Ferme A (Oliviers),2025-12-16,Mardi,A-MAR-T2,4,Marché Quartier Nord,10 Boulevard des Alpes,13014.0,Marseille,"10 Boulevard des Alpes,13014,Marseille,FRANCE",43.3049207,5.366218295229007,220.0,,,,,,,,,,
Ferme A (Oliviers),2025-12-16,Mardi,A-MAR-T2,5,Épicerie Noailles,5 Rue du Baignoir,13001.0,Marseille,"5 Rue du Baignoir,13001,Marseille,FRANCE",43.303689,5.414697,70.0,,,,,,,,,,
Ferme A (Oliviers),2025-12-16,Mardi,A-MAR-T2,6,Grossiste Aéroport,20 Rue de l'Aéroport,13700.0,Marignane,"20 Rue de l'Aéroport,13700,Marignane,FRANCE",43.2983607,5.3775524,500.0,,,,,,,,,,
Ferme A (Oliviers),2025-12-16,Mardi,A-MAR-T2,7,Retour (Ferme A),100 Chemin des Oliviers,13008.0,Marseille,"100 Chemin des Oliviers,13008,Marseille,FRANCE",43.27872420662537,5.39204753092471,0.0,,,,,,,,,,
Ferme B (Mimosas),2025-12-16,Mardi,B-MAR-T2,1,Départ (Ferme B),5 Chemin des Mimosas,13100.0,Aix-en-Provence,"5 Chemin des Mimosas,13100,Aix-en-Provence,FRANCE",43.24981065791888,5.403605881796119,0.0,,,,,,,,,,
Ferme B (Mimosas),2025-12-16,Mardi,B-MAR-T2,2,Client PME Est,1 Rue des Jardins,13100.0,Aix-en-Provence,"1 Rue des Jardins,13100,Aix-en-Provence,FRANCE",43.536856,5.453588,100.0,,,,,,,,,,
Ferme B (Mimosas),2025-12-16,Mardi,B-MAR-T2,3,Clinique Vitrolles,10 Boulevard des Écoles,13127.0,Vitrolles,"10 Boulevard des Écoles,13127,Vitrolles,FRANCE",43.55017977822688,5.5438074903611145,200.0,,,,,,,,,,
Ferme B (Mimosas),2025-12-16,Mardi,B-MAR-T2,4,Supermarché Pertuis,5 Avenue des 4 Vents,84120.0,Pertuis,"5 Avenue des 4 Vents,84120,Pertuis,FRANCE",43.4580426,5.2480265500000005,400.0,,,,,,,,,,
Ferme B (Mimosas),2025-12-16,Mardi,B-MAR-T2,5,Restaurant Manosque,1 Rue Grande,4100.0,Manosque,"1 Rue Grande,4100,Manosque,FRANCE",43.69426,5.505317,150.0,,,,,,,,,,
Ferme B (Mimosas),2025-12-16,Mardi,B-MAR-T2,6,Marché Forcalquier,Place du Bourguet,4300.0,Forcalquier,"Place du Bourguet,4300,Forcalquier,FRANCE",43.831768,5.7839477,80.0,,,,,,,,,,
Ferme B (Mimosas),2025-12-16,Mardi,B-MAR-T2,7,Retour (Ferme B),5 Chemin des Mimosas,13100.0,Aix-en-Provence,"5 Chemin des Mimosas,13100,Aix-en-Provence,FRANCE",43.24981065791889,5.40360588179612,0.0,,,,,,,,,,
Ferme C (Cigales),2025-12-16,Mardi,C-MAR-T2,1,Départ (Ferme C),20 Route de Cassis,13260.0,Cassis,"20 Route de Cassis,13260,Cassis,FRANCE",43.245885,5.580318,0.0,,,,,,,,,,
Ferme C (Cigales),2025-12-16,Mardi,C-MAR-T2,2,Hôtel La Cadière,1 Avenue de Saint-Cyr,83740.0,La Cadière-d'Azur,"1 Avenue de Saint-Cyr,83740,La Cadière-d'Azur,FRANCE",43.22979665390403,5.543856483524169,110.0,,,,,,,,,,
Ferme C (Cigales),2025-12-16,Mardi,C-MAR-T2,3,Restaurant Sanary,1 Place des Pêcheurs,83110.0,Sanary-sur-Mer,"1 Place des Pêcheurs,83110,Sanary-sur-Mer,FRANCE",43.19965771250791,5.747106476209866,140.0,,,,,,,,,,
Ferme C (Cigales),2025-12-16,Mardi,C-MAR-T2,4,Épicerie Bandol,5 Rue de la Vague,83150.0,Bandol,"5 Rue de la Vague,83150,Bandol,FRANCE",43.125939,5.791955,210.0,,,,,,,,,,
Ferme C (Cigales),2025-12-16,Mardi,C-MAR-T2,5,Marché Ollioules,1 Place du Marché,83190.0,Ollioules,"1 Place du Marché,83190,Ollioules,FRANCE",43.136559,5.754995,90.0,,,,,,,,,,
Ferme C (Cigales),2025-12-16,Mardi,C-MAR-T2,6,Client PME La Garde,10 Avenue du Dr Roux,83130.0,La Garde,"10 Avenue du Dr Roux,83130,La Garde,FRANCE",43.140329,5.848916,350.0,,,,,,,,,,
Ferme C (Cigales),2025-12-16,Mardi,C-MAR-T2,7,Retour (Ferme C),20 Route de Cassis,13260.0,Cassis,"20 Route de Cassis,13260,Cassis,FRANCE",43.245885,5.580318,0.0,,,,,,,,,,
Ferme D (St-Victoire),2025-12-16,Mardi,D-MAR-T2,1,Départ (Ferme D),220 Avenue de l'Europe,84300.0,Cavaillon,"220 Avenue de l'Europe,84300,Cavaillon,FRANCE",43.22979665390403,5.543856483524169,0.0,,,,,,,,,,
Ferme D (St-Victoire),2025-12-16,Mardi,D-MAR-T2,2,Grossiste Carpentras,500 Route de Carpentras,84200.0,Carpentras,"500 Route de Carpentras,84200,Carpentras,FRANCE",43.84727455697192,5.041384886455027,500.0,,,,,,,,,,
Ferme D (St-Victoire),2025-12-16,Mardi,D-MAR-T2,3,Restaurant Vaison,1 Place du Vieux Marché,84110.0,Vaison-la-Romaine,"1 Place du Vieux Marché,84110,Vaison-la-Romaine,FRANCE",44.04278030369433,5.024652071856862,120.0,,,,,,,,,,
Ferme D (St-Victoire),2025-12-16,Mardi,D-MAR-T2,4,Clinique Orange,10 Rue du Parvis,84100.0,Orange,"10 Rue du Parvis,84100,Orange,FRANCE",44.238487,5.070922,180.0,,,,,,,,,,
Ferme D (St-Victoire),2025-12-16,Mardi,D-MAR-T2,5,École Avignon,10 Avenue Pierre Sémard,84000.0,Avignon,"10 Avenue Pierre Sémard,84000,Avignon,FRANCE",44.133811,4.815958,90.0,,,,,,,,,,
Ferme D (St-Victoire),2025-12-16,Mardi,D-MAR-T2,6,Marché L'Isle-sur-la-Sorgue,1 Place de la Liberté,84800.0,L'Isle-sur-la-Sorgue,"1 Place de la Liberté,84800,L'Isle-sur-la-Sorgue,FRANCE",43.92813701840791,4.842169230471921,250.0,,,,,,,,,,
Ferme D (St-Victoire),2025-12-16,Mardi,D-MAR-T2,7,Retour (Ferme D),220 Avenue de l'Europe,84300.0,Cavaillon,"220 Avenue de l'Europe,84300,Cavaillon,FRANCE",43.22979665390403,5.543856483524169,0.0,,,,,,,,,,
Ferme E (Alpilles),2025-12-16,Mardi,E-MAR-T2,1,Départ (Ferme E),5 Route de Maussane,13520.0,Maussane-les-Alpilles,"5 Route de Maussane,13520,Maussane-les-Alpilles,FRANCE",43.850281,4.774267,0.0,,,,,,,,,,
Ferme E (Alpilles),2025-12-16,Mardi,E-MAR-T2,2,Épicerie St-Rémy,5 Avenue des Baux,13210.0,St-Rémy-de-Provence,"5 Avenue des Baux,13210,St-Rémy-de-Provence,FRANCE",43.72223200992607,4.801620459311812,60.0,,,,,,,,,,
Ferme E (Alpilles),2025-12-16,Mardi,E-MAR-T2,3,Restaurant Salon,1 Place des Centuries,13300.0,Salon-de-Provence,"1 Place des Centuries,13300,Salon-de-Provence,FRANCE",43.7925305407937,4.792282977441252,140.0,,,,,,,,,,
Ferme E (Alpilles),2025-12-16,Mardi,E-MAR-T2,4,Grossiste Miramas,12 Avenue des Alpilles,13140.0,Miramas,"12 Avenue des Alpilles,13140,Miramas,FRANCE",43.6400364,5.098014117963387,350.0,,,,,,,,,,
Ferme E (Alpilles),2025-12-16,Mardi,E-MAR-T2,5,Client PME Pélissanne,50 Rue de la Paix,13330.0,Pélissanne,"50 Rue de la Paix,13330,Pélissanne,FRANCE",43.58729826839248,4.9949143420466,110.0,,,,,,,,,,
Ferme E (Alpilles),2025-12-16,Mardi,E-MAR-T2,6,Supérette Fos,1 Rue des Vents,13270.0,Fos-sur-Mer,"1 Rue des Vents,13270,Fos-sur-Mer,FRANCE",43.633931,5.15628,200.0,,,,,,,,,,
Ferme E (Alpilles),2025-12-16,Mardi,E-MAR-T2,7,Retour (Ferme E),5 Route de Maussane,13520.0,Maussane-les-Alpilles,"5 Route de Maussane,13520,Maussane-les-Alpilles,FRANCE",43.850281,4.774267,0.0,,,,,,,,,,
Ferme A (Oliviers),2025-12-17,Mercredi,A-MER-T3,1,Départ (Ferme A),100 Chemin des Oliviers,13008.0,Marseille,"100 Chemin des Oliviers,13008,Marseille,FRANCE",43.27872420662538,5.392047530924711,0.0,,,,,,,,,,
Ferme A (Oliviers),2025-12-17,Mercredi,A-MER-T3,2,Restaurant La Plage,100 Promenade de la Plage,13008.0,Marseille,"100 Promenade de la Plage,13008,Marseille,FRANCE",43.24981065791886,5.403605881796117,180.0,,,,,,,,,,
Ferme A (Oliviers),2025-12-17,Mercredi,A-MER-T3,3,Épicerie Cinq Avenues,5 Place des Cinq Avenues,13004.0,Marseille,"5 Place des Cinq Avenues,13004,Marseille,FRANCE",43.2616598,5.3741535,90.0,,,,,,,,,,
Ferme A (Oliviers),2025-12-17,Mercredi,A-MER-T3,4,Hôpital Conception,147 Boulevard Baille,13005.0,Marseille,"147 Boulevard Baille,13005,Marseille,FRANCE",43.233187,5.450826,250.0,,,,,,,,,,
Ferme A (Oliviers),2025-12-17,Mercredi,A-MER-T3,5,Grossiste Vieux Port,1 Quai du Port,13002.0,Marseille,"1 Quai du Port,13002,Marseille,FRANCE",43.28875080861554,5.394320535599239,300.0,,,,,,,,,,
Ferme A (Oliviers),2025-12-17,Mercredi,A-MER-T3,6,Client PME Nord,100 Boulevard du Capitaine Gèze,13014.0,Marseille,"100 Boulevard du Capitaine Gèze,13014,Marseille,FRANCE",43.295476,5.364208,110.0,,,,,,,,,,
Ferme A (Oliviers),2025-12-17,Mercredi,A-MER-T3,7,Retour (Ferme A),100 Chemin des Oliviers,13008.0,Marseille,"100 Chemin des Oliviers,13008,Marseille,FRANCE",43.27872420662539,5.392047530924712,0.0,,,,,,,,,,
Ferme B (Mimosas),2025-12-17,Mercredi,B-MER-T3,1,Départ (Ferme B),5 Chemin des Mimosas,13100.0,Aix-en-Provence,"5 Chemin des Mimosas,13100,Aix-en-Provence,FRANCE",43.2498106579189,5.403605881796121,0.0,,,,,,,,,,
Ferme B (Mimosas),2025-12-17,Mercredi,B-MER-T3,2,Restaurant Rians,1 Place du Marché,83560.0,Rians,"1 Place du Marché,83560,Rians,FRANCE",43.536856,5.453588,150.0,,,,,,,,,,
Ferme B (Mimosas),2025-12-17,Mercredi,B-MER-T3,3,Marché Trets,5 Avenue Mirabeau,13530.0,Trets,"5 Avenue Mirabeau,13530,Trets,FRANCE",43.596728,5.959434,200.0,,,,,,,,,,
Ferme B (Mimosas),2025-12-17,Mercredi,B-MER-T3,4,Épicerie St Maximin,10 Place Malherbe,83470.0,Saint-Maximin-la-Sainte-Baume,"10 Place Malherbe,83470,Saint-Maximin-la-Sainte-Baume,FRANCE",43.447475,5.683175,300.0,,,,,,,,,,
Ferme B (Mimosas),2025-12-17,Mercredi,B-MER-T3,5,Client PME Gardanne,12 Rue de la Fonderie,13120.0,Gardanne,"12 Rue de la Fonderie,13120,Gardanne,FRANCE",43.453818,5.860663,130.0,,,,,,,,,,
Ferme B (Mimosas),2025-12-17,Mercredi,B-MER-T3,6,Clinique Éguilles,50 Route de St-Cannat,13510.0,Éguilles,"50 Route de St-Cannat,13510,Éguilles,FRANCE",43.452816,5.474498,100.0,,,,,,,,,,
Ferme B (Mimosas),2025-12-17,Mercredi,B-MER-T3,7,Retour (Ferme B),5 Chemin des Mimosas,13100.0,Aix-en-Provence,"5 Chemin des Mimosas,13100,Aix-en-Provence,FRANCE",43.24981065791891,5.403605881796122,0.0,,,,,,,,,,
Ferme C (Cigales),2025-12-17,Mercredi,C-MER-T3,1,Départ (Ferme C),20 Route de Cassis,13260.0,Cassis,"20 Route de Cassis,13260,Cassis,FRANCE",43.245885,5.580318,0.0,,,,,,,,,,
Ferme C (Cigales),2025-12-17,Mercredi,C-MER-T3,2,Hôtel Le Castellet,300 Route des Hauts,83330.0,Le Castellet,"300 Route des Hauts,83330,Le Castellet,FRANCE",43.22979665390403,5.543856483524169,150.0,,,,,,,,,,
Ferme C (Cigales),2025-12-17,Mercredi,C-MER-T3,3,Restaurant Six-Fours,1 Place Jean Jaurès,83140.0,Six-Fours-les-Plages,"1 Place Jean Jaurès,83140,Six-Fours-les-Plages,FRANCE",43.25121090846029,5.782519910175701,110.0,,,,,,,,,,
Ferme C (Cigales),2025-12-17,Mercredi,C-MER-T3,4,Épicerie La Seyne,5 Rue de la République,83500.0,La Seyne-sur-Mer,"5 Rue de la République,83500,La Seyne-sur-Mer,FRANCE",43.093167,5.839124,220.0,,,,,,,,,,
Ferme C (Cigales),2025-12-17,Mercredi,C-MER-T3,5,Marché Toulon,1 Place de la Liberté,83000.0,Toulon,"1 Place de la Liberté,83000,Toulon,FRANCE",43.099155,5.882282,80.0,,,,,,,,,,
Ferme C (Cigales),2025-12-17,Mercredi,C-MER-T3,6,Client PME Hyères,10 Avenue du Maréchal Foch,83400.0,Hyères,"10 Avenue du Maréchal Foch,83400,Hyères,FRANCE",43.12572805,5.930522918467998,300.0,,,,,,,,,,
Ferme C (Cigales),2025-12-17,Mercredi,C-MER-T3,7,Retour (Ferme C),20 Route de Cassis,13260.0,Cassis,"20 Route de Cassis,13260,Cassis,FRANCE",43.245885,5.580318,0.0,,,,,,,,,,
Ferme D (St-Victoire),2025-12-17,Mercredi,D-MER-T3,1,Départ (Ferme D),220 Avenue de l'Europe,84300.0,Cavaillon,"220 Avenue de l'Europe,84300,Cavaillon,FRANCE",43.22979665390403,5.543856483524169,0.0,,,,,,,,,,
Ferme D (St-Victoire),2025-12-17,Mercredi,D-MER-T3,2,Grossiste Sorgues,1 Rue des Primeurs,84700.0,Sorgues,"1 Rue des Primeurs,84700,Sorgues,FRANCE",43.84727455697192,5.041384886455027,400.0,,,,,,,,,,
Ferme D (St-Victoire),2025-12-17,Mercredi,D-MER-T3,3,Restaurant Pernes,1 Place Gabriel Moutte,84210.0,Pernes-les-Fontaines,"1 Place Gabriel Moutte,84210,Pernes-les-Fontaines,FRANCE",44.028582,4.871746,100.0,,,,,,,,,,
Ferme D (St-Victoire),2025-12-17,Mercredi,D-MER-T3,4,Clinique Apt,100 Boulevard National,84400.0,Apt,"100 Boulevard National,84400,Apt,FRANCE",43.99839012498799,5.055368532348703,150.0,,,,,,,,,,
Ferme D (St-Victoire),2025-12-17,Mercredi,D-MER-T3,5,École Le Thor,5 Rue du Château,84250.0,Le Thor,"5 Rue du Château,84250,Le Thor,FRANCE",43.87408577569045,5.39590092137747,80.0,,,,,,,,,,
Ferme D (St-Victoire),2025-12-17,Mercredi,D-MER-T3,6,Marché Monteux,1 Place du Marché,84170.0,Monteux,"1 Place du Marché,84170,Monteux,FRANCE",43.94518511161027,4.989482070977054,200.0,,,,,,,,,,
Ferme D (St-Victoire),2025-12-17,Mercredi,D-MER-T3,7,Retour (Ferme D),220 Avenue de l'Europe,84300.0,Cavaillon,"220 Avenue de l'Europe,84300,Cavaillon,FRANCE",43.22979665390403,5.543856483524169,0.0,,,,,,,,,,
Ferme E (Alpilles),2025-12-17,Mercredi,E-MER-T3,1,Départ (Ferme E),5 Route de Maussane,13520.0,Maussane-les-Alpilles,"5 Route de Maussane,13520,Maussane-les-Alpilles,FRANCE",43.850281,4.774267,0.0,,,,,,,,,,
Ferme E (Alpilles),2025-12-17,Mercredi,E-MER-T3,2,Épicerie Fontvieille,1 Place de la Mairie,13990.0,Fontvieille,"1 Place de la Mairie,13990,Fontvieille,FRANCE",43.72223200992607,4.801620459311812,70.0,,,,,,,,,,
Ferme E (Alpilles),2025-12-17,Mercredi,E-MER-T3,3,Restaurant Eygalières,10 Place du Village,13810.0,Eygalières,"10 Place du Village,13810,Eygalières,FRANCE",43.725973,4.70448,130.0,,,,,,,,,,
Ferme E (Alpilles),2025-12-17,Mercredi,E-MER-T3,4,Grossiste Miramas,12 Avenue des Alpilles,13140.0,Miramas,"12 Avenue des Alpilles,13140,Miramas,FRANCE",43.759576,4.95026,450.0,,,,,,,,,,
Ferme E (Alpilles),2025-12-17,Mercredi,E-MER-T3,5,Client PME Martigues,50 Rue de la République,13500.0,Martigues,"50 Rue de la République,13500,Martigues,FRANCE",43.58729826839248,4.9949143420466,100.0,,,,,,,,,,
Ferme E (Alpilles),2025-12-17,Mercredi,E-MER-T3,6,Supérette Istres,1 Rue des Taillades,13800.0,Istres,"1 Rue des Taillades,13800,Istres,FRANCE",43.40599503931056,5.054959576059133,160.0,,,,,,,,,,
Ferme E (Alpilles),2025-12-17,Mercredi,E-MER-T3,7,Retour (Ferme E),5 Route de Maussane,13520.0,Maussane-les-Alpilles,"5 Route de Maussane,13520,Maussane-les-Alpilles,FRANCE",43.850281,4.774267,0.0,,,,,,,,,,
ferme de bois colombes,,Lundi,Nouveau,999,client 1,,,,Sélectionné par carte,47.38992,5.053711,50.0,,,,,,,,,,
zerthyu,,Jeudi,Nouveau,999,ezrgthyjuh,,,,Sélectionné par carte,46.610708,2.834473,10.0,,,,,,,,,,
regty,,Mardi,Nouveau,999,rgethyngj,,,,Sélectionné par carte,46.610708,2.834473,45.0,,,,,,,,,,
dfezf,,Lundi,Tournée_dfezf_Lundi_3,1,MArcel,,,,Pointé sur la carte,45.737345,4.757123,,0.0,50.0,1000.0,15.0,,,,,,
dfezf,,Lundi,Tournée_dfezf_Lundi_3,2,test 2,,,,"lyon, parc ",45.73919,4.854335,,0.0,60.0,500.0,0.0,,,,,,
dfezf,,Lundi,Tournée_dfezf_Lundi_3,3,test 3 ,,,,Pointé sur la carte,45.712854,4.801905,,0.0,60.0,100.0,0.0,,,,,,
dzcsvfed g,,Mercredi,Tournée_dzcsvfed g_Mercredi_1,1,deze,,,,Pointé sur la carte,47.582949,2.307129,,0.0,5.0,6.0,1.0,,,,,,
dzcsvfed g,,Mercredi,Tournée_dzcsvfed g_Mercredi_2,1,azdefrg,,,,Pointé sur la carte,47.28370090576995,3.779296875,,0.0,2.0,3.0,6.0,,,,,,
dzcsvfed g,,Mercredi,Tournée_dzcsvfed g_Mercredi_2,2,eazfrdg,,,,Pointé sur la carte,47.32839869449148,0.7690429687500001,,0.0,2.0,2.0,11.0,,,,,,
TEST,,Lundi,TEST_Lundi_5_144523,0,TEST,,,,LYON,45.7578137,4.8320114,,30.0,0.0,0.0,0.0,Départ Dépôt,Utilitaire Leger,Electrique,15.0,0.5,
TEST,,Lundi,TEST_Lundi_5_144523,1,C1,,,,Pointé Carte,45.76129581948936,4.750900268554688,,,6.0,7.0,15.0,Livraison,Utilitaire Leger,Electrique,15.0,0.5,
TEST,,Lundi,TEST_Lundi_5_144523,2,C2,,,,Pointé Carte,45.71720694385144,4.514694213867188,,,19.0,150.0,15.0,Livraison,Utilitaire Leger,Electrique,15.0,0.5,
TEST,,Lundi,TEST_Lundi_5_144523,3,C3,,,,Pointé Carte,45.63084540868369,4.592285156250001,,,15.0,35.0,15.0,Livraison,Utilitaire Leger,Electrique,15.0,0.5,
TEST,,Lundi,TEST_Lundi_5_144523,4,C4,,,,Pointé Carte,45.58232862028087,4.780426025390626,,,40.0,200.0,15.0,Livraison,Utilitaire Leger,Electrique,15.0,0.5,
TEST,,Lundi,TEST_Lundi_5_144523,5,C5,,,,Pointé Carte,45.63324613981234,5.163574218750001,,,30.0,60.0,15.0,Livraison,Utilitaire Leger,Electrique,15.0,0.5,
TEST,,Mercredi,TEST_Mercredi_3_144652,0,TEST,,,,LYON,45.7578137,4.8320114,,30.0,0.0,0.0,0.0,Départ Dépôt,Utilitaire Leger,Electrique,15.0,0.5,
TEST,,Mercredi,TEST_Mercredi_3_144652,1,C1,,,,Pointé Carte,45.82114340079471,4.931488037109376,,,20.0,50.0,15.0,Livraison,Utilitaire Leger,Electrique,15.0,0.5,
TEST,,Mercredi,TEST_Mercredi_3_144652,2,C2,,,,Pointé Carte,45.87662446792522,4.740600585937501,,,30.0,120.0,15.0,Livraison,Utilitaire Leger,Electrique,15.0,0.5,
TEST,,Mercredi,TEST_Mercredi_3_144652,3,C3,,,,Pointé Carte,45.68219860800341,4.732360839843751,,,30.0,110.0,10.0,Livraison,Utilitaire Leger,Electrique,15.0,0.5,
Ferme de sainte colombe,,Lundi,Ferme de sainte colombe_Lundi_3_174315,0,Ferme de sainte colombe,,,,chartronges,48.7458363,3.2692306,,30.0,0.0,0.0,0.0,Départ Dépôt,Utilitaire Leger,Diesel,15.0,0.5,
Ferme de sainte colombe,,Lundi,Ferme de sainte colombe_Lundi_3_174315,1,C1,,,,Point Carte,48.7604890489698,3.21624755859375,,,22.0,50.0,15.0,Livraison,Utilitaire Leger,Diesel,15.0,0.5,
Ferme de sainte colombe,,Lundi,Ferme de sainte colombe_Lundi_3_174315,2,C2,,,,Point Carte,48.71769613446981,3.167495727539063,,,100.0,150.0,15.0,Livraison,Utilitaire Leger,Diesel,15.0,0.5,
Ferme de sainte colombe,,Lundi,Ferme de sainte colombe_Lundi_3_174315,3,C3,,,,Point Carte,48.715657467904,3.2495498657226567,,,300.0,200.0,21.0,Livraison,Utilitaire Leger,Diesel,15.0,0.5,
FERME TRUC,,Lundi,FERME TRUC_Lundi_20251218_1927,0,FERME TRUC,,,,"Lyon, Métropole de Lyon, Rhône, Auvergne-Rhône-Alpes, France métropolitaine, France",45.7578137,4.8320114,,30.0,0.0,0.0,0.0,Départ Dépôt,<3m3,Diesel,15.0,0.5,17.0
FERME TRUC,,Lundi,FERME TRUC_Lundi_20251218_1927,1,dez,,,,,45.7565187,4.8288269,,,4.0,5.0,,Livraison,<3m3,Diesel,15.0,0.5,
FERME TRUC,,Lundi,FERME TRUC_Lundi_20251218_1927,2,dazes,,,,,45.7607136,4.8274238,,,4.0,5.0,,Livraison,<3m3,Diesel,15.0,0.5,
FERME TRUC,,Lundi,FERME TRUC_Lundi_20251218_1927,3,oihjhvgd,,,,,45.7571457,4.8162851,,,4.0,500.0,,Collecte,<3m3,Diesel,15.0,0.5,
,,Lundi,_Lundi_20251218_1936,0,,,,,"Cires-lès-Mello, Senlis, Oise, Hauts-de-France, France métropolitaine, 60660, France",49.2571450617294,2.352611206451752,,30.0,0.0,0.0,0.0,Départ Dépôt,<3m3,Diesel,15.0,0.5,5.0
,,Lundi,_Lundi_20251218_1936,1,wxcv,,,,,47.93388340388618,0.99042021949769,,,7.0,200.0,,Livraison,<3m3,Diesel,15.0,0.5,
,,Lundi,_Lundi_20251218_1936,2,dsfg,,,,,46.711796861672205,3.32050601589935,,,7.0,300.0,,Livraison,<3m3,Diesel,15.0,0.5,
,,Mardi,_Mardi_20251218_1937,0,,,,,"Cires-lès-Mello, Senlis, Oise, Hauts-de-France, France métropolitaine, 60660, France",49.2571450617294,2.352611206451752,,30.0,0.0,0.0,0.0,Départ Dépôt,<3m3,Diesel,15.0,0.5,5.0
,,Mardi,_Mardi_20251218_1937,1,dcsf,,,,,45.7350081,4.8743164,,,8300.0,300.0,,Livraison,<3m3,Diesel,15.0,0.5,
,,Mardi,_Mardi_20251218_1937,2,zeffd,,,,,47.59630555868182,1.044100603122078,,,8300.0,300.0,,Livraison,<3m3,Diesel,15.0,0.5,
,,Mardi,_Mardi_20251218_1937,3,ezdfs,,,,,48.34674000951164,-0.2524141101711664,,,8300.0,300.0,,Livraison,<3m3,Diesel,15.0,0.5,
,,Mardi,_Mardi_20251218_1937,4,ezdfdg,,,,,49.2084864675904,-1.2412520522977502,,,8300.0,300.0,,Livraison,<3m3,Diesel,15.0,0.5,
,,Mardi,_Mardi_20251218_1940,0,,,,,"Cires-lès-Mello, Senlis, Oise, Hauts-de-France, France métropolitaine, 60660, France",49.2571450617294,2.352611206451752,,30.0,0.0,0.0,0.0,Départ Dépôt,<3m3,Diesel,15.0,0.5,5.0
,,Mardi,_Mardi_20251218_1940,1,zefrdg,,,,,47.93976800825583,1.2092905426392744,,,8300.0,300.0,,Collecte,<3m3,Diesel,15.0,0.5,
,,Mardi,_Mardi_20251218_1940,2,zedrfdg,,,,,48.83646529846262,0.9725835437910216,,,8300.0,300.0,,Collecte,<3m3,Diesel,15.0,0.5,
,,Mardi,_Mardi_20251218_1940,3,ezrfdrgs,,,,,48.371391337695286,0.126490629203011,,,8300.0,300.0,,Collecte,<3m3,Diesel,15.0,0.5,
,,Mardi,_Mardi_20251218_1940,4,zedrfqdrgs,,,,,48.10790448585488,-0.0492398643401914,,,8300.0,300.0,,Collecte,<3m3,Diesel,15.0,0.5,
sdfghjgrtez,,Lundi,sdfghjgrtez_Lundi_20251218_1949,0,sdfghjgrtez,,,,"D 998, Bantheville, Verdun, Meuse, Grand Est, France métropolitaine, 55110, France",49.36618731048885,5.100136836543014,,0.0,0.0,0.0,0.0,Départ Dépôt,<3m3,,15.0,0.5,0.0
sdfghjgrtez,,Lundi,sdfghjgrtez_Lundi_20251218_1949,1,xxcfvgb,,,,,48.14182954491257,4.484778432215847,,,0.0,0.0,,Point Relais,<3m3,,15.0,0.5,
sdfghjgrtez,,Lundi,sdfghjgrtez_Lundi_20251218_1949,2,sqdf,,,,,48.52678768914096,5.779465284741066,,,340.0,23.0,,Point Relais,<3m3,,15.0,0.5,
sdfghjgrtez,,Lundi,sdfghjgrtez_Lundi_20251218_1950,0,sdfghjgrtez,,,,"D 998, Bantheville, Verdun, Meuse, Grand Est, France métropolitaine, 55110, France",49.36618731048885,5.100136836543014,,0.0,0.0,0.0,0.0,Départ Dépôt,<3m3,,15.0,0.5,0.0
sdfghjgrtez,,Lundi,sdfghjgrtez_Lundi_20251218_1950,1,ezfdr,,,,,49.17577342145795,3.993759506211783,,,340.0,23.0,,Collecte,<3m3,,15.0,0.5,
zsdfg,,,zsdfg_None_20251218_2008,0,zsdfg,,,,,,,,0.0,0.0,0.0,0.0,Départ Dépôt,,,,,0.0
zsdfg,,,zsdfg_None_20251218_2008,1,sqdfghjk,,,,,47.94197215710071,-0.131067970240395,,,,,,,,,,,
zsdfg,,,zsdfg_None_20251218_2008,2,"dgfvbn,",,,,,47.37915617695744,0.6598682098706776,,,,,,,,,,,
zsdfg,,,zsdfg_None_20251218_2008,3,"fghjbnvj,",,,,,47.14805005961209,3.165254173333892,,,,,,,,,,,
rgfzeadeftr,,,rgfzeadeftr_None_20251218_2047,0,rgfzeadeftr,,,,"Route Rusée, L'Étang-la-Ville, Saint-Germain-en-Laye, Yvelines, Île-de-France, France métropolitaine, 78620, France",48.861030202492906,2.065852092778555,,20.0,0.0,0.0,0.0,Départ Dépôt,Petit (<3m³),Diesel,15.0,0.5,30.0
rgfzeadeftr,,,rgfzeadeftr_None_20251218_2047,1,qsdfxcv,,,,,47.98591334375653,-0.2200343251339776,,,,,,,Petit (<3m³),Diesel,15.0,0.5,
TEST 5,,,TEST 5_None_20251218_2105,0,TEST 5,,,,"Grande Rue, Chartronges, Provins, Seine-et-Marne, France métropolitaine, 77320, France",48.7467393,3.2678576,,20.0,0.0,0.0,0.0,Départ Dépôt,Petit (<3m³),Diesel,15.0,0.5,30.0
TEST 5,,,TEST 5_None_20251218_2105,1,C1,,,,,48.76070028184123,3.216358583977837,,,,,,,Petit (<3m³),Diesel,15.0,0.5,
TEST 5,,,TEST 5_None_20251218_2105,2,C2,,,,,48.7178924466094,3.1687633609877124,,,,,,,Petit (<3m³),Diesel,15.0,0.5,
TEST 5,,,TEST 5_None_20251218_2105,3,C3,,,,,48.86459430954106,2.779146838297981,,,,,,,Petit (<3m³),Diesel,15.0,0.5,
TEST 5,,,TEST 5_None_20251218_2105,4,C4,,,,,48.82392448874249,3.0965332070950167,,,,,,,Petit (<3m³),Diesel,15.0,0.5,
